,precision,recall,f1-score,support
0,0.999855679030163,0.9746764209341587,0.9871055068746883,56864.0
1,0.058823529411764705,0.9183673469387755,0.11056511056511056,98.0
accuracy,0.9745795442575752,0.9745795442575752,0.9745795442575752,0.9745795442575752
macro avg,0.5293396042209638,0.9465218839364671,0.5488353087198995,56962.0
weighted avg,0.9982366847767554,0.9745795442575752,0.9855974671492865,56962.0
